{"0": 0, "1": 0.0, "2": 0.007407110190094679, "3": 0.006014939355305771, "4": 0.00837590772409973, "5": -0.02179795726950018, "6": 0.04262189019271752, "7": -0.04262189019271752, "8": 0.02179795726950018, "9": -0.025773585194582706, "10": -0.005189626417276383, "11": -0.00708977208980528, "12": -0.015553993766480013, "13": 0.06655615730954914, "14": -0.029632192103942946, "15": -0.03495922593656253, "16": 0.022369573803288214, "17": -0.0019557537188106267, "18": 0.09952085590527315, "19": -0.09756510218646253, "20": 0.06118750151780246, "21": 0.47910792852303513, "22": -0.23187935503213, "23": 0.23187935503213, "24": -0.4930201390536551, "25": 0.01391221053061993, "26": -0.0927479447117634, "27": 0.37767714239907024, "28": 0.23828975968723212, "29": -0.025568083565648617}