{"1": -4.727387818712341, "2": 4.545652703746493, "3": 4.299519634207583, "4": 4.299519634207583, "5": -4.727387818712341}