{"0": 0, "1": 0.0, "2": 0.0, "3": 0.0, "4": -0.03988379649991974, "5": 0.048435028235389324, "6": -0.00855123173546959, "7": -0.026796884938547018, "8": 0.026796884938547018, "9": 0.0, "10": -0.4738622687267906, "11": 0.056848271320104976, "12": 0.4353915496179708, "13": -0.12370019822377226, "14": 0.07958445042488185, "15": 0.0, "16": -0.00577094212577487, "17": 0.040423044699564065, "18": -0.034652102573789194, "19": -0.42140786595014235, "20": 0.4813911173294006, "21": -0.05480757591835932, "22": -0.4407690545526315, "23": 0.4355933790917324, "24": 0.1074763451724289, "25": -0.19093279732860077, "26": 0.0, "27": 0.08345645215617187, "28": -0.021753753617671203, "29": -0.03993967706074564}