{"0": [4.545652703746493, -4.612071446606005], "1": [4.545652703746493, -0.19955400028205644], "2": [4.545652703746493, 0.24808335834114903], "3": [4.545652703746493, -0.7273150315242112], "4": [4.545652703746493, -0.9681031726826083], "5": [4.545652703746493, -0.6529425033375532], "6": [4.545652703746493, 0.23849608629655744], "7": [4.545652703746493, 0.05859297768680472], "8": [4.545652703746493, -0.42546864749326857], "9": [4.545652703746493, 0.24437883798561144], "10": [4.545652703746493, -0.17775419943468262], "11": [4.545652703746493, 0.06901077969029124], "12": [4.545652703746493, -0.23465180819362974], "13": [4.545652703746493, -0.04970709921838179], "14": [4.545652703746493, -0.10229073076895331], "15": [4.545652703746493, -0.1110112678941789], "16": [4.545652703746493, 0.12521697025259104], "17": [4.545652703746493, 0.003733418557327835], "18": [4.545652703746493, 0.12919016270975753], "19": [4.545652703746493, 0.30541433455978034], "20": [4.545652703746493, -0.2286043611465207], "21": [4.545652703746493, -0.796214951668903], "22": [4.545652703746493, 0.48638585107786214], "23": [4.545652703746493, 0.5007204677905134], "24": [4.545652703746493, 0.18013290713007], "25": [4.545652703746493, -0.5409047521414226], "26": [4.545652703746493, -0.23750021499446547], "27": [4.545652703746493, -0.607905734418891], "28": [4.545652703746493, -0.35665146136282155], "29": [4.545652703746493, -0.6615215689173191]}