{"0": 0, "1": 2.4000000000000004, "2": -0.00013499570388910697, "3": 0.00013499570388910697, "4": 2.4000000000000004, "5": 1.6, "6": 0.8, "7": 0.8, "8": 0.009407056716875112, "9": 0.8067192824235505, "10": 0.7877798190139504, "11": 0.004290995889420021, "12": 0.8903197185858372, "13": 0.11293052350288409, "14": 1.179987725362659, "15": 0.2522458107138714, "16": 1.3572483148641616, "17": -0.7496844287425838, "18": 0.926565074483652, "19": 0.72755669343174, "20": 0.7064522659080628, "21": 1.4878980243043205, "22": -0.45189691499082835, "23": 0.4696290709140898, "24": -0.4155981109519753, "25": 1.2254148092097479, "26": 0.41665844749959235, "27": 1.1833415525004076, "28": 0.36710972465927505, "29": -0.4211933359953113}