{"1": 4.299519634207583, "2": 4.299519634207583, "3": -4.584967478670572, "4": -4.584967478670572, "5": 4.545652703746493}