{"0": [12.906249799193237, -4.534288675540384], "1": [13.522663185521793, 5.587824577612786], "2": [13.522663185521793, 10.782077321379074], "3": [13.522663185521793, 11.075210694739253], "4": [13.522663185521793, 10.79949066125456], "5": [13.522663185521793, 11.29465036359168], "6": [13.522663185521793, 11.423055475004674], "7": [13.522663185521793, 10.884512907064241], "8": [13.522663185521793, 11.11904572459267], "9": [13.522663185521793, 11.227651391821736], "10": [13.522663185521793, 10.814139412515871], "11": [13.522663185521793, 10.85748953914346], "12": [13.522663185521793, 10.86208678650568], "13": [13.522663185521793, 11.293731805575934], "14": [13.522663185521793, 10.15255343322713], "15": [13.522663185521793, 10.452023960603373], "16": [13.522663185521793, 11.312876992934552], "17": [13.522663185521793, 11.660390315513249], "18": [13.522663185521793, 11.310737268974528], "19": [13.522663185521793, 10.6584014489294], "20": [13.522663185521793, 10.948517243175667], "21": [13.522663185521793, 11.031336150019564], "22": [13.522663185521793, 10.62802189846547], "23": [13.522663185521793, 10.971856258703067], "24": [13.522663185521793, 10.709833111422274], "25": [13.522663185521793, 10.860733037977417], "26": [13.522663185521793, 11.47344586715047], "27": [13.522663185521793, 11.333121497883653], "28": [13.522663185521793, 10.95595011289495], "29": [13.522663185521793, 10.826854693764218]}