{"0": [12.906249799193237, -4.309727548356295], "1": [13.522663185521793, 5.9361692867826195], "2": [13.522663185521793, 10.295525509726636], "3": [13.522663185521793, 11.382735371577548], "4": [13.522663185521793, 10.927358038116814], "5": [13.522663185521793, 10.88862861498106], "6": [13.522663185521793, 11.102124666787333], "7": [13.522663185521793, 11.054940672500882], "8": [13.522663185521793, 10.774530926890002], "9": [13.522663185521793, 11.008538453954259], "10": [13.522663185521793, 10.771340062330232], "11": [13.522663185521793, 10.381549654790092], "12": [13.522663185521793, 10.513676902262194], "13": [13.522663185521793, 11.044969989283661], "14": [13.522663185521793, 10.521570972762323], "15": [13.522663185521793, 11.352728329389198], "16": [13.522663185521793, 11.066457383533356], "17": [13.522663185521793, 11.038647417886432], "18": [13.522663185521793, 11.042719406095973], "19": [13.522663185521793, 10.577727587306503], "20": [13.522663185521793, 10.630989239428999], "21": [13.522663185521793, 10.804973159590864], "22": [13.522663185521793, 10.700658694500937], "23": [13.522663185521793, 10.875401957531846], "24": [13.522663185521793, 11.19904627515238], "25": [13.522663185521793, 11.224259841077268], "26": [13.522663185521793, 10.663138674695816], "27": [13.522663185521793, 11.415781368509151], "28": [13.522663185521793, 10.732732479153718], "29": [13.522663185521793, 10.704853307821734]}