{"0": 0, "1": 0.8354637145629256, "2": 1.6, "3": 4.0, "4": 3.205391696902087, "5": 2.4130512179794392, "6": 1.631727378393856, "7": 2.340602343793795, "8": 1.6336815968760834, "9": -0.0043382511571415485, "10": 0.08238840606897019, "11": -0.05698343233516188, "12": 0.7984667152163776, "13": 1.6024235748088425, "14": 0.7983524795018991, "15": 0.8076591837588579, "16": 0.8054999726254161, "17": -0.017369384392390063, "18": 0.8125101053606059, "19": 0.6155148364385042, "20": 1.7324255446069567, "21": 0.8013552437041365, "22": 0.005716156372339701, "23": 0.7674078194947728, "24": 0.7533284976670219, "25": 0.03803516712007616, "26": 0.32676898177990465, "27": -0.41725059157809885, "28": 0.8941591192942439, "29": 0.7471858761762649}