{"1": -4.727387818712341, "2": -4.584967478670572, "3": -4.584967478670572, "4": 4.545652703746493, "5": -4.727387818712341}