{"1": 3.2161748176702627, "2": -5.771441123130016, "3": -5.771441123130016, "4": -5.805134968916488, "5": 3.1858694681749338}