{"0": [4.545652703746493, -4.7126300267935575], "1": [4.545652703746493, -0.6203623374740441], "2": [4.545652703746493, 0.21190859809317175], "3": [4.545652703746493, 0.5551104544998342], "4": [4.545652703746493, -0.653884604631617], "5": [4.545652703746493, 0.489750359352626], "6": [4.545652703746493, 0.12003625812484872], "7": [4.545652703746493, 0.1796995396703865], "8": [4.545652703746493, -0.23171081868432017], "9": [4.545652703746493, 0.18885344425529516], "10": [4.545652703746493, -0.36088270455695237], "11": [4.545652703746493, -0.4173469458562164], "12": [4.545652703746493, 0.42464831494238175], "13": [4.545652703746493, -0.6709335242391923], "14": [4.545652703746493, -0.7773083070109118], "15": [4.545652703746493, -0.36675483488134203], "16": [4.545652703746493, 0.05580094863397114], "17": [4.545652703746493, -0.8925690949363466], "18": [4.545652703746493, -0.24398102950125766], "19": [4.545652703746493, 0.14603240147203478], "20": [4.545652703746493, -0.23490985893059416], "21": [4.545652703746493, -0.23275287032640637], "22": [4.545652703746493, 0.3086961088202989], "23": [4.545652703746493, -0.30346899432407654], "24": [4.545652703746493, 0.07980557140545952], "25": [4.545652703746493, -0.6556494385929293], "26": [4.545652703746493, 0.1949836253166494], "27": [4.545652703746493, -0.24449713097518638], "28": [4.545652703746493, 0.5470813355712568], "29": [4.545652703746493, -0.7106481094846527]}