{"0": [4.545652703746493, -4.702224544101574], "1": [4.545652703746493, -0.5445047827563034], "2": [4.545652703746493, -0.11522765453774488], "3": [4.545652703746493, -0.23404312401122723], "4": [4.545652703746493, 0.06072361002474946], "5": [4.545652703746493, -0.26184295852721556], "6": [4.545652703746493, 0.18506618988551224], "7": [4.545652703746493, 0.0017623680405234054], "8": [4.545652703746493, 0.06970219788693896], "9": [4.545652703746493, -0.9508495400885891], "10": [4.545652703746493, -0.31347978513412283], "11": [4.545652703746493, -0.2417208368239315], "12": [4.545652703746493, -0.5984937790970176], "13": [4.545652703746493, 0.067627943296996], "14": [4.545652703746493, -0.6140359154802449], "15": [4.545652703746493, -0.42616006568991555], "16": [4.545652703746493, 0.31862416561610063], "17": [4.545652703746493, -0.29975385260387455], "18": [4.545652703746493, -0.1247372004244274], "19": [4.545652703746493, -1.1431319497957677], "20": [4.545652703746493, -0.7174697087426548], "21": [4.545652703746493, -0.4119081829915095], "22": [4.545652703746493, -0.40551995119319134], "23": [4.545652703746493, -0.2421648256482795], "24": [4.545652703746493, 0.122884664925684], "25": [4.545652703746493, -0.4884137032993246], "26": [4.545652703746493, 0.3467698069355006], "27": [4.545652703746493, -0.8492319506791582], "28": [4.545652703746493, -0.04755011061419393], "29": [4.545652703746493, -0.9056961919784225]}