{"0": [4.545652703746493, -4.621509350203328], "1": [4.545652703746493, -0.42378388355625374], "2": [4.545652703746493, -0.35982502369386693], "3": [4.545652703746493, -0.6114455594163739], "4": [4.545652703746493, 0.10449412174162145], "5": [4.545652703746493, -0.5458995261817817], "6": [4.545652703746493, -0.007129250621520852], "7": [4.545652703746493, 0.11668237121474914], "8": [4.545652703746493, -1.1509030179873814], "9": [4.545652703746493, 0.8517761264030347], "10": [4.545652703746493, 0.17106173655940618], "11": [4.545652703746493, -0.41803836405286376], "12": [4.545652703746493, -0.17101533419092585], "13": [4.545652703746493, 0.08144645853571895], "14": [4.545652703746493, 0.30662185423035637], "15": [4.545652703746493, 0.0010603284792118058], "16": [4.545652703746493, -0.23585932786420605], "17": [4.545652703746493, -0.2391411021247249], "18": [4.545652703746493, -0.3057087169425093], "19": [4.545652703746493, -0.43203219601430626], "20": [4.545652703746493, -0.1192157035454756], "21": [4.545652703746493, -0.22826357639531158], "22": [4.545652703746493, 0.025240267973418887], "23": [4.545652703746493, -0.19571137515906167], "24": [4.545652703746493, 0.17451882754264414], "25": [4.545652703746493, -0.1871661547565556], "26": [4.545652703746493, 0.11174908845930681], "27": [4.545652703746493, 0.061497762235641865], "28": [4.545652703746493, -0.1190403868227566], "29": [4.545652703746493, 0.5646977265444265]}