{"1": -5.805134968916488, "2": 3.2161748176702627, "3": -5.805134968916488, "4": -5.805134968916488, "5": -5.771441123130016}