{"0": 0, "1": -0.02596451544472487, "2": 2.4000000000000004, "3": 4.0, "4": 2.368772231595963, "5": 4.0, "6": 0.8046835901339076, "7": 2.395072712281392, "8": 0.8023695683792722, "9": 3.1882834716509545, "10": 1.5906282485379408, "11": 0.0, "12": 1.574304614071858, "13": 0.8001867670522024, "14": 1.5837035472223833, "15": 0.8323165127142419, "16": 1.5943151648140825, "17": 1.2086832103113532, "18": 0.3947016158223042, "19": 2.2162520220436734, "20": 1.991064061358996, "21": 1.4231049917418765, "22": 3.250237137307832, "23": 1.4498856845803838, "24": 1.1638556569585259, "25": 2.0341510499156596, "26": 1.3670600904673225, "27": 0.6696142890859154, "28": 0.0004122275496707258, "29": 0.9914062148483876}