{"1": 39.216174817670264, "2": 39.22855887686998, "3": 30.185869468174936, "4": 57.19486503108351, "5": 39.216174817670264}