{"0": 0, "1": 1.6, "2": 1.6, "3": 0.8142361690175535, "4": 1.6669105202954395, "5": 0.8, "6": 0.021242723295337905, "7": 2.4000000000000004, "8": 1.6190311079385669, "9": 2.3082561616108355, "10": 2.4440182649034417, "11": 2.4729749969399784, "12": 1.5647574399158266, "13": 2.398088572869522, "14": 0.00210429983693452, "15": 0.8074401930006773, "16": 2.106415072520417, "17": 1.3982925545558418, "18": 1.59739270148032, "19": -0.1286869248758674, "20": 0.9336733450239008, "21": 0.7686524994565335, "22": 0.07808342029281366, "23": 1.2777895843596276, "24": 2.477131515031623, "25": 0.014001993326270445, "26": 3.3572102144163876, "27": 0.6048413315623258, "28": 0.8658369275120378, "29": 1.6332617418358089}