{"1": 4.545652703746493, "2": -4.727387818712341, "3": 4.545652703746493, "4": 4.299519634207583, "5": -4.727387818712341}