{"1": 57.19486503108351, "2": 57.19486503108351, "3": 39.216174817670264, "4": 39.216174817670264, "5": 57.19486503108351}