{"0": 0, "1": 0.0, "2": 0.0, "3": -0.013010290873713526, "4": 0.013010290873713526, "5": 0.009200008048132303, "6": -0.009200008048132303, "7": 0.19223906214414246, "8": -0.21436594449611507, "9": 0.060724837261450886, "10": 0.29972071149818236, "11": -0.29178932086847764, "12": -0.06724182597092547, "13": -0.0012667959869158585, "14": -0.007276966485322434, "15": 0.02610621806814395, "16": 0.006814605269685737, "17": -0.024377060865591396, "18": 0.2961608859024358, "19": 0.09898030729349801, "20": -0.3681632641878659, "21": -0.054367500217372244, "22": 0.12488321447009568, "23": 0.11006174667891613, "24": 0.08366156376000121, "25": 0.06719813509604507, "26": -0.17014541286132556, "27": -0.1955699405668145, "28": 0.06270794389200077, "29": 0.15415589805974667}