{"0": 0, "1": 1.6, "2": -0.0046044548841408075, "3": 0.0046044548841408075, "4": 1.6, "5": 1.6001905746639935, "6": 0.8376867200022283, "7": 0.7925109982128051, "8": 1.8562420622758147, "9": 0.6242701871445546, "10": 0.8005791499048472, "11": 0.9710467682668866, "12": 1.9460554765059113, "13": 1.6, "14": 0.21428526387337832, "15": 0.3915501255104621, "16": 0.7883675752072111, "17": 1.6229895030085728, "18": 1.3393433037104052, "19": -0.34337353389712727, "20": 2.4879685516512953, "21": 0.22081059777139278, "22": 0.04492960155448392, "23": 0.7562728807005279, "24": 0.7700056517806746, "25": 0.9852918289182424, "26": 0.8103976681375448, "27": -0.17732622371915063, "28": 0.026071041914597783, "29": -0.13366971227108665}