{"0": 0, "1": 0.0, "2": 1.6, "3": 2.4000000000000004, "4": 1.5561640338158778, "5": 2.4000000000000004, "6": 1.596145839130832, "7": 2.421222074908038, "8": 1.5888084502820643, "9": 2.40790706849032, "10": 0.15700677111708333, "11": -0.17386731678630982, "12": -0.09179231095308632, "13": 0.08582882464554863, "14": 0.005064498830390193, "15": 0.9449729915064109, "16": 0.6823094063837754, "17": -0.01923860651724563, "18": 0.029956889585688963, "19": -0.0227454375377337, "20": 0.08750388254032769, "21": -0.06013769715022487, "22": -0.01539974491210895, "23": -0.012280804091480507, "24": 0.004391611515434368, "25": -0.0322723915891244, "26": -0.04037644962386053, "27": 0.18099645827752722, "28": 0.18203608212515485, "29": -0.3371112141295067}