{"0": [4.545652703746493, -4.891990600729704], "1": [4.545652703746493, 0.05361232045266609], "2": [4.545652703746493, 0.13575603147435855], "3": [4.545652703746493, -0.41718416544049813], "4": [4.545652703746493, -0.12299116499516449], "5": [4.545652703746493, 0.5937043819912001], "6": [4.545652703746493, 0.010459747494083557], "7": [4.545652703746493, 0.17756976366371666], "8": [4.545652703746493, -1.2032873363322036], "9": [4.545652703746493, -0.2373596393199298], "10": [4.545652703746493, 0.7954524607783061], "11": [4.545652703746493, -0.35342842463351737], "12": [4.545652703746493, 0.062189180432289604], "13": [4.545652703746493, -0.18396711451028167], "14": [4.545652703746493, 0.12159441124086316], "15": [4.545652703746493, 0.3016164588253332], "16": [4.545652703746493, -0.7231665223443257], "17": [4.545652703746493, -0.5534231650010956], "18": [4.545652703746493, 0.24471885006638586], "19": [4.545652703746493, 0.11977820738788447], "20": [4.545652703746493, 0.2551630083361156], "21": [4.545652703746493, -0.254858555230671], "22": [4.545652703746493, 0.056399784122144525], "23": [4.545652703746493, 0.0690107796902913], "24": [4.545652703746493, 0.060631027316275204], "25": [4.545652703746493, -0.22506453614903818], "26": [4.545652703746493, -0.36088270455695226], "27": [4.545652703746493, 0.07082698354326994], "28": [4.545652703746493, -1.0314937208820616], "29": [4.545652703746493, -0.3627816424241761]}