{"0": [4.545652703746493, -4.7639424035701365], "1": [4.545652703746493, -0.4325044206814794], "2": [4.545652703746493, -0.0014218156551861288], "3": [4.545652703746493, -0.8691284926742042], "4": [4.545652703746493, 0.7867980288238432], "5": [4.545652703746493, -0.24717022105330244], "6": [4.545652703746493, 0.06850529958102707], "7": [4.545652703746493, -0.5340831528834208], "8": [4.545652703746493, -0.3075142994308237], "9": [4.545652703746493, 0.7948785176440872], "10": [4.545652703746493, -0.2362926953238894], "11": [4.545652703746493, -0.4866802334605912], "12": [4.545652703746493, -0.0600685234738664], "13": [4.545652703746493, 0.18755334187624512], "14": [4.545652703746493, -0.7109061602216171], "15": [4.545652703746493, 0.24531768555455907], "16": [4.545652703746493, 0.18444688433844553], "17": [4.545652703746493, -0.05696206593606682], "18": [4.545652703746493, 0.06996024862390335], "19": [4.545652703746493, 0.18418883360148114], "20": [4.545652703746493, 0.30938752701694644], "21": [4.545652703746493, -0.18932314336074338], "22": [4.545652703746493, -0.36563004922501174], "23": [4.545652703746493, -0.7765243061057904], "24": [4.545652703746493, -0.3447318839913229], "25": [4.545652703746493, 0.05510953043732364], "26": [4.545652703746493, 0.013320690601919859], "27": [4.545652703746493, -0.231194717210392], "28": [4.545652703746493, -0.5940044851659224], "29": [4.545652703746493, -0.8389532604379186]}