{"1": -4.727387818712341, "2": -4.727387818712341, "3": -4.584967478670572, "4": -4.727387818712341, "5": -4.727387818712341}