{"0": [4.545652703746493, -4.747002566919011], "1": [4.545652703746493, 0.06970707741388381], "2": [4.545652703746493, 0.3711152144581979], "3": [4.545652703746493, -0.1892967870945], "4": [4.545652703746493, -0.669272772702033], "5": [4.545652703746493, 0.2925452882546696], "6": [4.545652703746493, -0.34939383065518925], "7": [4.545652703746493, -0.7659048311133411], "8": [4.545652703746493, 0.24264459547644307], "9": [4.545652703746493, -0.29552260940974384], "10": [4.545652703746493, 0.3018851309269616], "11": [4.545652703746493, -0.27703948351720714], "12": [4.545652703746493, 0.18375546614179786], "13": [4.545652703746493, -0.05462976060915978], "14": [4.545652703746493, -0.17308958878086858], "15": [4.545652703746493, 0.07013556534662224], "16": [4.545652703746493, 0.1871298231107907], "17": [4.545652703746493, 0.38139390469943757], "18": [4.545652703746493, 0.07160113575416263], "19": [4.545652703746493, -0.36244085767296697], "20": [4.545652703746493, -0.4779596963353659], "21": [4.545652703746493, 0.06460421977344165], "22": [4.545652703746493, 0.3054970685740254], "23": [4.545652703746493, 0.7237290261867334], "24": [4.545652703746493, -0.23370233926001815], "25": [4.545652703746493, 0.007623877000248936], "26": [4.545652703746493, -0.7273150315242111], "27": [4.545652703746493, -0.47839306379504926], "28": [4.545652703746493, 0.6726208137379315], "29": [4.545652703746493, 0.4798223025568245]}