{"0": [13.522663185521793, -4.872722190620966], "1": [13.522663185521793, 6.821146391735587], "2": [13.522663185521793, 10.91109569442022], "3": [13.522663185521793, 10.572299181450267], "4": [13.522663185521793, 10.985288570721883], "5": [13.522663185521793, 10.993269295322252], "6": [13.522663185521793, 10.50535551307293], "7": [13.522663185521793, 10.889737116556763], "8": [13.522663185521793, 11.22238529067978], "9": [13.522663185521793, 10.987423567980143], "10": [13.522663185521793, 10.828393928568977], "11": [13.522663185521793, 10.69706252678131], "12": [13.522663185521793, 10.613394870560473], "13": [13.522663185521793, 10.5085400922914], "14": [13.522663185521793, 10.79561935922971], "15": [13.522663185521793, 11.252307927274877], "16": [13.522663185521793, 10.686578501488132], "17": [13.522663185521793, 11.879950983264347], "18": [13.522663185521793, 10.72548482629261], "19": [13.522663185521793, 11.480262786782527], "20": [13.522663185521793, 11.246213336757338], "21": [13.522663185521793, 11.183516400241292], "22": [13.522663185521793, 11.016247750962288], "23": [13.522663185521793, 10.612061290325315], "24": [13.522663185521793, 10.872184639337666], "25": [13.522663185521793, 10.749352986613872], "26": [13.522663185521793, 11.05197239519221], "27": [13.522663185521793, 10.854854844654232], "28": [13.522663185521793, 11.721309293720095], "29": [13.522663185521793, 10.86981780687003]}