{"1": 12.906249799193237, "2": 4.263801551605504, "3": 13.522663185521793, "4": 13.384879483158741, "5": 13.522663185521793}