{"0": 0, "1": 1.6, "2": 0.5950156398129607, "3": 2.4000000000000004, "4": 2.4000000000000004, "5": 0.8757172615367845, "6": 1.15052973032467, "7": -0.5076310591554339, "8": 0.3324615517956985, "9": 0.006725604160962018, "10": -0.3788275446837181, "11": 0.9676942975900863, "12": 0.04401971481777156, "13": 0.18762722118606778, "14": 1.7572330818000121, "15": -0.11958101514009237, "16": 1.569324958276914, "17": 0.28109439235238104, "18": 0.3490245800123539, "19": -0.018916775040434097, "20": 0.48260192627560666, "21": -0.19495356277337483, "22": -0.25041349259426654, "23": 0.8618488016421699, "24": 0.674065484854104, "25": 0.7132258826482012, "26": 1.4757590596954453, "27": 0.7853800702934676, "28": 0.20669066184557772, "29": -0.2936693075106926}