{"0": [57.19486503108351, -0.7525263475245026], "1": [90.32482618476618, 37.456200558440685], "2": [90.32482618476618, 66.74155132661409], "3": [90.32482618476618, 72.85127457042614], "4": [91.93357331188756, 57.64632663242107], "5": [91.93357331188756, 69.5473013578102], "6": [91.93357331188756, 73.15761052571712], "7": [92.64317193830047, 73.63281814244834], "8": [91.93357331188756, 77.60337539407548], "9": [92.00157804100162, 80.93273453604996], "10": [92.00157804100162, 82.0005291533474], "11": [92.57237888630937, 77.5358307715918], "12": [91.93357331188756, 74.57820517322617], "13": [91.93357331188756, 78.25929074677084], "14": [92.64317193830047, 79.90144101072427], "15": [92.65873645484157, 80.44889736953937], "16": [92.65873645484157, 76.1940237245905], "17": [93.32772932632852, 79.76451964196666], "18": [92.65873645484157, 78.12705876140919], "19": [92.65873645484157, 79.8738675180703]}