{"0": [57.19486503108351, 1.2880160290394504], "1": [90.32482618476618, 39.15190297688854], "2": [90.32482618476618, 44.361621320394725], "3": [90.32482618476618, 63.28505872348099], "4": [90.32482618476618, 72.48433469505882], "5": [90.32482618476618, 64.85671167488852], "6": [90.32482618476618, 70.40210481394612], "7": [90.38272016318508, 75.22730972951729], "8": [90.38272016318508, 76.1439503728271], "9": [90.38272016318508, 75.64202514548039], "10": [90.38272016318508, 77.59103987104518], "11": [90.38272016318508, 72.87787268497691], "12": [90.38272016318508, 72.08890366202792], "13": [90.32482618476618, 73.68811988245908], "14": [90.38272016318508, 73.45751918471043], "15": [90.38272016318508, 75.86156570120096], "16": [90.38272016318508, 75.30636524907139], "17": [90.38272016318508, 76.11123713493602], "18": [90.38272016318508, 77.69438814282857], "19": [90.38272016318508, 76.52828101862514]}