{"1": 90.38272016318508, "2": 86.83931836898448, "3": 86.83931836898448, "4": 86.83931836898448, "5": 90.38272016318508}