{"0": [57.19486503108351, 0.49850309643879187], "1": [90.32482618476618, 39.139489726417104], "2": [90.32482618476618, 52.31750167349424], "3": [90.32482618476618, 64.67869791493042], "4": [90.32482618476618, 63.80390129513758], "5": [90.32482618476618, 69.74036182913582], "6": [90.32482618476618, 66.61146080339311], "7": [90.32482618476618, 70.52965594544878], "8": [90.32482618476618, 71.22769757506622], "9": [90.32482618476618, 73.28029795681472], "10": [90.32482618476618, 71.20443005814603], "11": [90.32482618476618, 74.41004789906853], "12": [90.32482618476618, 74.88201721821633], "13": [90.32482618476618, 75.51737346793443], "14": [90.32482618476618, 73.70200240665179], "15": [90.32482618476618, 78.0733511427874], "16": [90.38272016318508, 76.01839065551293], "17": [90.38272016318508, 74.78410152852739], "18": [90.38272016318508, 74.0325242804435], "19": [90.38272016318508, 72.24820266484845]}