{"1": 75.78506424239102, "2": 90.57611947915372, "3": 75.78506424239102, "4": 88.02951600496185, "5": 88.02951600496185}