{"0": [57.19486503108351, 1.4060820829841025], "1": [67.04417294239875, 36.633891604497414], "2": [90.32482618476618, 47.86388521802677], "3": [90.32482618476618, 50.66492675998958], "4": [90.32482618476618, 62.36607175723416], "5": [90.32482618476618, 58.41622578596898], "6": [90.32482618476618, 63.001906865966575], "7": [90.32482618476618, 62.79021678736322], "8": [90.32482618476618, 62.06202368421439], "9": [90.32482618476618, 64.19789181260123], "10": [90.32482618476618, 60.64183884368067], "11": [90.32482618476618, 68.58325334273594], "12": [90.32482618476618, 72.13626554217696], "13": [90.32482618476618, 66.3897775351525], "14": [90.38272016318508, 70.52350358184398], "15": [90.32482618476618, 73.63516101145892], "16": [90.38272016318508, 72.48294479949901], "17": [90.38272016318508, 72.00507316218223], "18": [90.57611947915372, 70.7473598848723], "19": [91.60278772623587, 74.99462251063062]}