{"1": 75.78506424239102, "2": 88.02951600496185, "3": 86.83931836898448, "4": 90.38272016318508, "5": 90.38272016318508}