{"0": [57.19486503108351, -1.941148134311019], "1": [90.32482618476618, 36.78861446037558], "2": [90.52482618476617, 64.48115665050884], "3": [90.52482618476617, 63.59162519156321], "4": [90.52482618476617, 69.68532611417902], "5": [90.52482618476617, 68.35615871617648], "6": [90.52482618476617, 70.16258203077022], "7": [90.52482618476617, 69.56947250720525], "8": [91.00278772623588, 74.34711841768078], "9": [92.00956741322126, 74.06196531739693], "10": [92.00956741322126, 76.29978330739713], "11": [92.00956741322126, 72.35910759014173], "12": [91.80956741322126, 74.66240953131775], "13": [91.80956741322126, 74.68845506222236], "14": [92.00956741322126, 77.62144672974544], "15": [92.00956741322126, 76.74489251847653], "16": [91.60278772623587, 75.44610762492012], "17": [92.00956741322126, 72.85974553491776], "18": [92.00956741322126, 77.03372403961255], "19": [92.00956741322126, 75.85188603411633]}