{"1": 91.93357331188756, "2": 91.84317193830047, "3": 91.84317193830047, "4": 91.84317193830047, "5": 91.84317193830047}