{"0": [57.19486503108351, 0.8595211971575797], "1": [90.32482618476618, 38.668217467701695], "2": [90.32482618476618, 55.320237071605014], "3": [90.33740496697304, 71.6451561198142], "4": [90.33740496697304, 68.53409430103217], "5": [90.33740496697304, 63.81055885115153], "6": [90.33740496697304, 73.89029852488997], "7": [90.33740496697304, 69.03303121309483], "8": [90.33740496697304, 72.63370913571845], "9": [90.33740496697304, 70.38299125117857], "10": [90.33740496697304, 72.20121863050636], "11": [90.32482618476618, 75.51173432219903], "12": [90.32482618476618, 73.27069345609853], "13": [90.33740496697304, 75.78904510694552], "14": [90.52482618476617, 75.09629696638386], "15": [90.52482618476617, 77.92782750642917], "16": [90.32482618476618, 75.30244580005773], "17": [90.33740496697304, 77.3736597540973], "18": [91.60278772623587, 72.02292610954193], "19": [91.60278772623587, 70.96928314648892]}