{"1": 92.76627799644577, "2": 92.76627799644577, "3": 92.76627799644577, "4": 66.19486503108351, "5": 66.19486503108351}