{"0": [57.19486503108351, 1.1231685879500188], "1": [57.19486503108351, 37.07321008814379], "2": [90.32482618476618, 39.430662305533495], "3": [92.64317193830047, 49.68624893556157], "4": [92.89874178945527, 68.59987104406078], "5": [92.89874178945527, 71.36388464475468], "6": [92.89874178945527, 72.65195515515866], "7": [92.89874178945527, 69.8590113403523], "8": [92.89874178945527, 75.78822400733745], "9": [92.89874178945527, 70.66036293397754], "10": [92.89874178945527, 71.37383779426953], "11": [92.89874178945527, 72.87682510167046], "12": [92.89874178945527, 76.13722875604948], "13": [92.89874178945527, 71.75645825687353], "14": [92.65873645484157, 73.4698691508974], "15": [92.65873645484157, 74.5925563324548], "16": [92.65873645484157, 73.73395698255196], "17": [92.65873645484157, 74.4333904909778], "18": [92.65873645484157, 74.30920423778657], "19": [92.65873645484157, 76.11543145081957]}