{"1": 75.1593583426266, "2": 92.89874178945527, "3": 92.89874178945527, "4": 75.21617481767026, "5": 75.1593583426266}