{"0": [57.19486503108351, 0.14211638570294052], "1": [89.79605369405454, 38.49448703803864], "2": [91.85873645484158, 54.87387053091048], "3": [92.64317193830047, 55.89021552724329], "4": [92.64317193830047, 74.67674955953075], "5": [92.64317193830047, 75.24708389597892], "6": [92.64317193830047, 77.43729163133865], "7": [92.64317193830047, 71.51122122577112], "8": [92.64317193830047, 76.80105020624538], "9": [92.64317193830047, 80.61833782159769], "10": [92.64317193830047, 78.08688607698785], "11": [92.64317193830047, 75.82740861047257], "12": [92.64317193830047, 76.74310902859024], "13": [93.37504998251859, 76.62108088420848], "14": [92.91936107665802, 75.58789869868544], "15": [93.37504998251859, 76.10710004935798], "16": [93.37504998251859, 76.49559143623777], "17": [93.37504998251859, 76.6163625042209], "18": [92.91936107665802, 72.14333544949208], "19": [92.91936107665802, 73.89978989461547]}