{"1": 92.91936107665802, "2": 92.91936107665802, "3": 75.21617481767026, "4": 93.37504998251859, "5": 75.21617481767026}