{"1": 92.00956741322126, "2": 86.51936107665802, "3": 74.99118681455741, "4": 90.52482618476617, "5": 90.52482618476617}