{"1": 74.83668519596536, "2": 74.45178089723763, "3": 74.45178089723763, "4": 74.83668519596536, "5": 87.64094470078547}