{"1": 92.53357331188757, "2": 92.65873645484157, "3": 92.65873645484157, "4": 92.53357331188757, "5": 92.65873645484157}