{"0": [39.22855887686998, -1.0626912711234942], "1": [90.32482618476618, 36.46514594954103], "2": [90.32482618476618, 54.34877260879009], "3": [90.32482618476618, 56.67768550030678], "4": [90.32482618476618, 59.51138843366334], "5": [91.85873645484158, 69.56349434841063], "6": [92.16878821817863, 64.45965076805814], "7": [92.76627799644577, 70.63365884425745], "8": [92.76627799644577, 66.62553999175474], "9": [92.64317193830047, 68.51284133480478], "10": [92.57237888630937, 70.59301079658343], "11": [92.64317193830047, 72.22898148162025], "12": [92.65092391510478, 71.15980141528823], "13": [92.65092391510478, 73.0619072438712], "14": [92.65092391510478, 73.27020023160235], "15": [92.64317193830047, 69.35305630108346], "16": [92.64317193830047, 72.1604189173558], "17": [92.64317193830047, 73.30429471489524], "18": [92.76627799644577, 68.6598719161518], "19": [92.76627799644577, 74.31949911096893]}