{"0": [57.19486503108351, -0.9724593434876385], "1": [67.04417294239875, 36.89985921758697], "2": [90.32482618476618, 47.69214917724542], "3": [90.58506424239101, 54.74855488320086], "4": [90.58506424239101, 61.371716879666785], "5": [90.58506424239101, 67.16170978682831], "6": [90.58506424239101, 68.71571634644366], "7": [90.32482618476618, 66.01332350687733], "8": [90.32482618476618, 68.48922486211146], "9": [90.32482618476618, 68.36971798671186], "10": [90.32482618476618, 66.71256410882941], "11": [90.32482618476618, 68.5559263464955], "12": [90.5959933129232, 66.7416986662133], "13": [90.32482618476618, 71.00319974283804], "14": [90.52482618476617, 75.18431334641399], "15": [91.85873645484158, 69.64621213114113], "16": [90.32482618476618, 70.36600151044524], "17": [91.57237888630937, 70.06168299523945], "18": [90.32482618476618, 73.51826352084704], "19": [91.60278772623587, 71.44342381067462]}