{"1": 93.97719807741365, "2": 94.09719807741364, "3": 94.09719807741364, "4": 94.09719807741364, "5": 94.09719807741364}