{"1": 93.87639337829168, "2": 91.55833644349737, "3": 91.55833644349737, "4": 91.55833644349737, "5": 93.87639337829168}