{"0": [90.96965087177827, 5.811857322085979], "1": [90.96965087177827, 80.75940471251702], "2": [93.12965087177827, 77.4009113069862], "3": [93.78965087177825, 75.15800460792478], "4": [94.09719807741364, 83.5107659617173], "5": [94.09719807741364, 88.32022297413272], "6": [94.09719807741364, 84.57176757417136], "7": [94.09719807741364, 83.45568457192243], "8": [94.09719807741364, 79.36622040273956], "9": [94.09719807741364, 82.4500355121752], "10": [94.09719807741364, 86.77453084042217], "11": [94.09719807741364, 82.49302539333317], "12": [94.09719807741364, 87.95989889384884], "13": [94.09719807741364, 83.9784299459911], "14": [94.09719807741364, 81.7003201020866], "15": [94.09719807741364, 86.15841587723311], "16": [94.09719807741364, 81.49641151881154], "17": [94.09719807741364, 85.52232620274697], "18": [94.09719807741364, 86.12405184505857], "19": [94.03719807741365, 88.22694274291702]}