{"1": 94.08965087177825, "2": 94.08965087177825, "3": 94.08965087177825, "4": 94.08965087177825, "5": 94.08965087177825}