{"0": [90.96965087177827, 3.6471267134707803], "1": [91.99719807741366, 75.21762338285751], "2": [93.52326625757944, 80.747939442135], "3": [93.99639337829167, 85.13331356478429], "4": [93.99639337829167, 86.13087205629621], "5": [93.99639337829167, 76.67324087421193], "6": [93.99639337829167, 81.27257816173729], "7": [93.99639337829167, 83.1947022415829], "8": [93.99639337829167, 86.59265852269657], "9": [93.99639337829167, 84.04351072435162], "10": [93.99639337829167, 87.51086654938504], "11": [93.99639337829167, 88.04212265363567], "12": [93.99639337829167, 86.7942124342957], "13": [93.99639337829167, 88.28207919701494], "14": [93.99639337829167, 88.17764224468172], "15": [93.99639337829167, 89.6210585408772], "16": [93.99639337829167, 88.47111062750704], "17": [93.99639337829167, 84.43679189135204], "18": [93.99639337829167, 88.39354446278143], "19": [93.99639337829167, 89.16305302516456]}