{"0": [90.96965087177827, 2.1373033532031522], "1": [93.99639337829167, 75.89260907821958], "2": [93.99639337829167, 80.21003821498829], "3": [93.99639337829167, 75.01572184222688], "4": [93.99639337829167, 87.51404798164756], "5": [93.99639337829167, 89.21623136407807], "6": [93.99639337829167, 87.71037797157814], "7": [93.99639337829167, 87.058748680801], "8": [94.08965087177825, 83.74115497870767], "9": [94.08965087177825, 87.73947630337393], "10": [94.08965087177825, 84.6500252910063], "11": [93.99639337829167, 87.99527232224192], "12": [94.08965087177825, 85.26614160717558], "13": [94.08965087177825, 84.66218243833288], "14": [93.99639337829167, 84.07182864101202], "15": [94.08965087177825, 84.16287208998595], "16": [93.99639337829167, 87.01401909627144], "17": [94.08965087177825, 83.29346235675959], "18": [94.08965087177825, 89.55176339894327], "19": [94.08965087177825, 87.82862972822245]}