{"1": 93.94326625757944, "2": 93.85740496697305, "3": 94.41639337829167, "4": 94.41639337829167, "5": 92.87833644349736}