{"0": [90.96965087177827, 6.340915027163369], "1": [93.52326625757944, 79.45617177175568], "2": [93.99639337829167, 83.06260865867834], "3": [93.99639337829167, 84.74622612107494], "4": [93.99639337829167, 88.54075687686368], "5": [93.99639337829167, 89.57340004048028], "6": [93.99639337829167, 81.89991109556063], "7": [93.99639337829167, 78.95957559886848], "8": [94.09719807741364, 82.30380674921508], "9": [94.09719807741364, 86.54804105666278], "10": [93.99639337829167, 81.10029766228473], "11": [94.09719807741364, 87.08912062625714], "12": [94.09719807741364, 86.59720959706804], "13": [94.09719807741364, 90.98071434895412], "14": [94.09719807741364, 88.80115315092567], "15": [94.09719807741364, 90.52731342380072], "16": [94.09719807741364, 88.94647602754145], "17": [94.09719807741364, 87.84947533657775], "18": [94.09719807741364, 88.77753057817843], "19": [94.09719807741364, 87.63617961110626]}