{"1": 92.09833644349736, "2": 93.52326625757944, "3": 93.99639337829167, "4": 92.09833644349736, "5": 93.52326625757944}