{"0": [90.96965087177827, 9.080714475552572], "1": [92.76965087177827, 78.51954314189871], "2": [93.06965087177826, 82.45969386442385], "3": [93.78965087177825, 84.69927816237549], "4": [93.87639337829168, 83.8160369933275], "5": [93.99639337829167, 79.39689868984662], "6": [93.99639337829167, 88.96091362966634], "7": [93.99639337829167, 86.4076775055738], "8": [94.08965087177825, 88.42591202972582], "9": [94.08965087177825, 88.32691294427217], "10": [94.08965087177825, 88.2830066044938], "11": [94.08965087177825, 88.63109114559057], "12": [94.08965087177825, 87.89204610201567], "13": [94.08965087177825, 86.74273306712378], "14": [94.08965087177825, 88.10334253057046], "15": [94.08965087177825, 87.86551630708789], "16": [94.08965087177825, 84.89053236199555], "17": [94.08965087177825, 83.26717906757911], "18": [94.08965087177825, 87.45218392951624], "19": [94.08965087177825, 86.58460136428394]}