{"1": 93.54965087177825, "2": 93.36965087177826, "3": 93.12965087177827, "4": 93.36965087177826, "5": 93.12965087177827}