{"0": [90.96965087177827, 1.6762008859048265], "1": [93.99639337829167, 80.9132702434142], "2": [94.41639337829167, 83.04362211542303], "3": [94.41639337829167, 79.52950288876812], "4": [94.41639337829167, 83.5413045496376], "5": [94.41639337829167, 81.20150807738534], "6": [94.41639337829167, 82.6331172791608], "7": [94.41639337829167, 84.26578645909979], "8": [93.94326625757944, 81.24526056060688], "9": [94.41639337829167, 83.93194150259103], "10": [94.41639337829167, 83.6334763513274], "11": [94.41639337829167, 78.46316791725178], "12": [94.41639337829167, 85.68095931213975], "13": [94.41639337829167, 81.30675742182675], "14": [94.41639337829167, 86.27453046530132], "15": [94.41639337829167, 85.33803917144932], "16": [93.94326625757944, 87.72290895629406], "17": [94.41639337829167, 84.8291044977581], "18": [94.41639337829167, 84.5374845169147], "19": [93.94326625757944, 87.30098928754452]}