{"0": [90.96965087177827, 9.867606255330585], "1": [92.3763933782917, 81.44323821524632], "2": [92.3763933782917, 83.21988042551634], "3": [92.92506424239103, 80.25214415104392], "4": [92.92506424239103, 83.81858020044248], "5": [93.43740496697305, 80.66632912040221], "6": [93.99639337829167, 83.89989878404366], "7": [93.99639337829167, 84.58221448478349], "8": [93.99639337829167, 85.59890674669282], "9": [93.99639337829167, 84.4867970853771], "10": [93.99639337829167, 85.94196748599173], "11": [93.99639337829167, 87.83047677610546], "12": [93.99639337829167, 85.98199727685396], "13": [93.99639337829167, 86.2232393941385], "14": [93.99639337829167, 86.60422092434233], "15": [93.99639337829167, 83.75150789317583], "16": [93.99639337829167, 80.01780005043581], "17": [93.99639337829167, 80.91348048348199], "18": [93.99639337829167, 86.10666326880317], "19": [93.99639337829167, 85.10444844535323]}