{"1": 94.21719807741364, "2": 94.21719807741364, "3": 94.21719807741364, "4": 94.21719807741364, "5": 94.21719807741364}