{"0": [90.96965087177827, 8.625050057444561], "1": [91.99719807741366, 78.9187745680036], "2": [92.82965087177827, 81.74608966466681], "3": [92.82965087177827, 85.32360552329027], "4": [93.18965087177826, 83.91852469697437], "5": [93.99639337829167, 83.4311252808832], "6": [93.43740496697305, 85.92549020333975], "7": [93.99639337829167, 84.0424515861147], "8": [93.99639337829167, 85.7542079816086], "9": [93.99639337829167, 86.34312972958674], "10": [93.63679627126203, 79.12621008222622], "11": [93.99639337829167, 86.04062860726718], "12": [94.21719807741364, 82.56067991242942], "13": [94.21719807741364, 80.54311402452858], "14": [94.21719807741364, 79.29865814352303], "15": [94.21719807741364, 81.82570477392808], "16": [94.21719807741364, 82.46097160848252], "17": [94.21719807741364, 87.88005187038293], "18": [94.21719807741364, 83.86671436012517], "19": [94.21719807741364, 86.12452958729376]}