{"0": [90.96965087177827, 6.94184086188255], "1": [90.96965087177827, 79.56024677728706], "2": [93.78965087177825, 76.54882106893912], "3": [93.78965087177825, 83.48784771915098], "4": [93.78965087177825, 80.9769905087139], "5": [94.08965087177825, 84.19723118370928], "6": [94.08965087177825, 82.51396788248952], "7": [94.08965087177825, 79.49157393660134], "8": [94.08965087177825, 87.31565959812546], "9": [94.08965087177825, 82.13244184508189], "10": [94.08965087177825, 82.83199975175437], "11": [94.08965087177825, 84.08085732766794], "12": [94.08965087177825, 84.20247187562563], "13": [94.08965087177825, 82.83682315486472], "14": [94.09719807741364, 88.2243343785029], "15": [94.09719807741364, 86.6840983707475], "16": [94.09719807741364, 87.98301181959427], "17": [94.08965087177825, 87.31374987408134], "18": [94.09719807741364, 88.23150737373543], "19": [94.08965087177825, 89.73684027196202]}