{"0": [90.96965087177827, 4.877535135614787], "1": [90.96965087177827, 80.0383271136106], "2": [92.76965087177827, 75.49121649015328], "3": [93.78965087177825, 82.05632568466557], "4": [93.78965087177825, 82.70024416867001], "5": [93.78965087177825, 81.45008109208376], "6": [93.78965087177825, 87.79462944268414], "7": [93.78965087177825, 79.91876720447543], "8": [93.78965087177825, 81.73780833177047], "9": [93.78965087177825, 83.10984887879899], "10": [93.78965087177825, 80.99123224625347], "11": [93.78965087177825, 82.05650788156214], "12": [93.78965087177825, 83.22697396025671], "13": [93.87639337829168, 85.80172739975896], "14": [93.87639337829168, 87.30193621400454], "15": [93.78965087177825, 86.00762509910639], "16": [93.78965087177825, 82.80759314578448], "17": [93.78965087177825, 84.11804195606892], "18": [93.78965087177825, 80.30479667530102], "19": [93.78965087177825, 84.94947283307135]}