{"1": 93.43740496697305, "2": 93.52326625757944, "3": 92.09833644349736, "4": 93.43740496697305, "5": 93.99639337829167}