{"0": 0, "1": 0.8, "2": 0.7713056548354777, "3": 4.0, "4": 6.4, "5": 0.0, "6": -0.006023065812897555, "7": 0.813328508665358, "8": 9.6, "9": 0.0, "10": 0.7978385199423608, "11": 0.8014067183509965, "12": 0.797268877037598, "13": 2.3885535517401255, "14": 0.8032767626053082, "15": 2.346859721346195, "16": 0.8139236239227928, "17": 0.010775107278537394, "18": 0.0, "19": 1.5995638111199024, "20": 0.1157985956964454, "21": 0.7788916115200448, "22": 2.4009099291375144, "23": 19.244508156084716, "24": 0.0, "25": 1.6, "26": 1.5260258443957502, "27": 0.8202561597290382, "28": 0.7797438402709619, "29": 0.9371282101896722}