{"1": 13.336560905887932, "2": 49.03715536974009, "3": 13.336560905887932, "4": 4.179718434394963, "5": 13.336560905887932}