{"0": 0, "1": 0.8, "2": 4.0, "3": 0.0, "4": 0.7799734912292596, "5": 2.7660314168291738, "6": 0.0, "7": -0.0023084500799484477, "8": 0.7986277385395567, "9": 0.0, "10": 2.5902993791208458e-05, "11": 0.0, "12": 0.0, "13": 0.0, "14": -0.00044255721412017244, "15": 0.7937369391508636, "16": 0.8122121067213736, "17": 9.646024819476015, "18": 10.980150784386016, "19": 0.0, "20": 0.0, "21": 0.8545241743654922, "22": 0.0, "23": 0.005848967393379858, "24": 7.378206979488655, "25": 0.8, "26": 0.0, "27": -0.001150399811330585, "28": -0.0010279484366097684, "29": 1.6009955809898442}