{"0": [4.545652703746493, -4.52046575661143], "1": [4.545652703746493, -0.5749075462585729], "2": [4.545652703746493, 0.2681572657970192], "3": [4.545652703746493, -0.9034538900986826], "4": [21.638707834290575, -0.41584048714875077], "5": [21.638707834290575, 0.1897805170461892], "6": [21.638707834290575, 0.911512077865957], "7": [21.638707834290575, 1.4929576347077476], "8": [31.06552606686931, 0.3137279669991391], "9": [21.638707834290575, 0.3287284030244906], "10": [31.06552606686931, 2.230470527831499], "11": [31.06552606686931, 1.591763349047132], "12": [31.06552606686931, 2.4741039697132363], "13": [31.06552606686931, 1.2079337304484992], "14": [31.06552606686931, 2.2267314960040125], "15": [31.06552606686931, 2.35874230671662], "16": [31.06552606686931, 2.0579506691496814], "17": [31.06552606686931, 3.2194568780497717], "18": [21.638707834290575, 1.6873853246616812], "19": [31.06552606686931, 2.945110666603186], "20": [31.06552606686931, 3.226960333884103], "21": [31.06552606686931, 4.140733965221115], "22": [31.06552606686931, 4.5876804607177295], "23": [40.212508257217955, 4.534012568169939], "24": [31.06552606686931, 2.2377780637210773], "25": [40.212508257217955, 3.5037828065480796], "26": [40.212508257217955, 2.7103739923861743], "27": [40.212508257217955, 3.7787354726505153], "28": [40.212508257217955, 4.405953011550971], "29": [40.212508257217955, 12.714200277814031]}