{"1": 66.00354791138098, "2": 30.319827390982933, "3": 66.00354791138098, "4": 66.00354791138098, "5": 30.319827390982933}