{"1": 75.14492807779757, "2": 57.19788162462294, "3": 86.26742736117438, "4": 75.14492807779757, "5": 57.19788162462294}