{"1": 83.12858476532466, "2": 83.12858476532466, "3": -6.9985096422506015, "4": 64.5722611594671, "5": 83.12858476532466}