{"0": 0, "1": 2.4000000000000004, "2": 4.800000000000001, "3": 0.0, "4": 1.081776313854761, "5": 2.1215330440943583, "6": 7.689426727880571, "7": 2.4372762222910507, "8": 0.004386182174110554, "9": 0.0, "10": 0.0, "11": 2.395895753313876, "12": 0.0, "13": -0.0009100598935462183, "14": 0.8, "15": 2.575571552181332, "16": 0.8463873837685097, "17": 2.3457573520949664, "18": 0.0, "19": 2.2252641554094894, "20": 4.1738205997417115, "21": 0.8021739925405657, "22": 3.215238918220493, "23": 3.029561205652032, "24": 4.933657853665831, "25": -2.937244312482977e-05, "26": 0.4251032737980986, "27": 0.2969616913771247, "28": 0.04, "29": 0.19127425370017692}