{"0": [4.545652703746493, -4.828241894509192], "1": [39.66728120673463, -0.9141018531429883], "2": [39.66728120673463, 9.726932835768602], "3": [48.74250462797222, 18.487581624382052], "4": [48.74250462797222, 13.740297632108783], "5": [48.74250462797222, 16.950276738327425], "6": [57.62472159231584, 14.534487187357156], "7": [57.62472159231584, 13.04002477558413], "8": [57.62472159231584, 13.975572527596535], "9": [57.62472159231584, 12.238169735374893], "10": [57.62472159231584, 14.088261343367213], "11": [57.62472159231584, 14.34136760824854], "12": [65.97655240703897, 15.158869691041751], "13": [65.97655240703897, 21.2206510457451], "14": [66.10559716573515, 22.41729846947202], "15": [74.95499468596398, 28.720912774537744], "16": [75.16811752271649, 24.87304550976535], "17": [75.16811752271649, 25.582436979170108], "18": [75.20698639161586, 27.26480931885558], "19": [75.20698639161586, 24.985138177746432], "20": [74.95499468596398, 27.339742732557763], "21": [66.62936197187234, 24.185085023070584], "22": [75.16811752271649, 24.024094129776394], "23": [66.62936197187234, 24.94742070459034], "24": [66.62936197187234, 25.98644495247059], "25": [66.62936197187234, 25.75923261016164], "26": [66.62936197187234, 25.864938773496853], "27": [66.62936197187234, 27.393216933208077], "28": [66.62936197187234, 27.06606352797411], "29": [66.62936197187234, 29.543882684820375]}