{"1": 89.00659537413127, "2": 83.02766316283228, "3": 83.02766316283228, "4": 84.2673524792784, "5": 91.35681001412978}