{"0": [12.906249799193237, -4.623580755027929], "1": [13.522663185521793, 4.602267469026234], "2": [21.511062273843315, 9.18679088045517], "3": [46.59025804591908, 8.837136290047246], "4": [65.36274196871554, 21.26161525494484], "5": [85.74335651065837, 25.48249842791875], "6": [89.03520676758504, 41.67285243752338], "7": [90.09826279334345, 52.39345313139551], "8": [91.35681001412978, 58.284087480750784], "9": [91.35681001412978, 52.82147933444767], "10": [91.35681001412978, 40.20628455469427], "11": [91.35681001412978, 62.64901546057618], "12": [91.35681001412978, 49.66688000638867], "13": [91.35681001412978, 43.64751304193231], "14": [91.35681001412978, 51.30276861503082], "15": [91.35681001412978, 44.89570039314274], "16": [91.35681001412978, 47.12743540087263], "17": [91.35681001412978, 49.1906655704206], "18": [91.35681001412978, 45.249501152756956], "19": [91.35681001412978, 50.13654267459558], "20": [92.22528730912748, 50.38802116804317], "21": [91.35681001412978, 41.3380695860776], "22": [91.35681001412978, 56.070759457083746], "23": [91.35681001412978, 51.51604902465504], "24": [91.35681001412978, 55.442223015103956], "25": [91.35681001412978, 53.80319808841846], "26": [91.35681001412978, 55.53531958987302], "27": [91.35681001412978, 48.36848376002037], "28": [91.35681001412978, 58.811888973407164], "29": [91.35681001412978, 43.75057622886796]}