{"0": [4.299519634207583, -4.761922150577555], "1": [4.545652703746493, -0.6447660204977919], "2": [13.522663185521793, 0.3067199420301448], "3": [13.522663185521793, 3.0381583671871355], "4": [13.522663185521793, 1.3340653211060287], "5": [13.522663185521793, 1.6818729412555613], "6": [13.522663185521793, 0.8442599695227345], "7": [13.522663185521793, 2.756664455613551], "8": [13.522663185521793, 3.0587939092124112], "9": [13.522663185521793, 2.2974778385873864], "10": [13.522663185521793, 3.622378312945125], "11": [13.522663185521793, 3.7523658850366703], "12": [13.522663185521793, 2.011631312417494], "13": [13.522663185521793, 1.981304285196207], "14": [30.299556426609314, 1.876741505856378], "15": [39.66246192029868, 4.628555659447033], "16": [39.66246192029868, 12.985176770479411], "17": [39.66246192029868, 10.107473907733002], "18": [39.66246192029868, 11.354507084222563], "19": [39.66246192029868, 13.46084697905037]}