{"0": [4.545652703746493, -4.681035853748618], "1": [4.545652703746493, -0.3180820698565699], "2": [4.545652703746493, -1.3214824886725638], "3": [4.545652703746493, -1.7875760086042534], "4": [13.25506787163675, -1.0109707521730456], "5": [29.86660195700335, -0.3968206698535074], "6": [29.86660195700335, 1.2950099525013261], "7": [29.86660195700335, 0.542856377424754], "8": [30.299556426609314, 0.7685781931796881], "9": [39.66246192029868, 2.8064583481724563], "10": [39.66246192029868, 6.508503779423394], "11": [48.49874178945527, 8.64288922311173], "12": [48.185869468174936, 10.720264556745446], "13": [48.49874178945527, 9.82580416382127], "14": [48.49874178945527, 8.132543308860178], "15": [48.49874178945527, 8.308701117736064], "16": [48.49874178945527, 8.805407270211397], "17": [48.49874178945527, 9.672714134375942], "18": [48.49874178945527, 9.739835590515689], "19": [57.24742736117437, 14.187241644032913], "20": [57.24742736117437, 16.4525149330773], "21": [57.24742736117437, 18.98325546852381], "22": [57.24742736117437, 19.802680907589963], "23": [74.45178089723763, 17.27844060133259], "24": [74.45178089723763, 25.940803944237558], "25": [83.12858476532466, 22.891220931295695], "26": [83.12858476532466, 25.41979158390538], "27": [74.45178089723763, 23.957388459304685], "28": [74.45178089723763, 29.33169402731109], "29": [74.45178089723763, 25.455443817800745]}