{"0": [4.545652703746493, -4.704968588309589], "1": [30.950143992750462, -0.37838047057114116], "2": [39.66246192029868, 5.338070398994934], "3": [39.66246192029868, 16.44124127463706], "4": [39.66246192029868, 14.698648234980995], "5": [48.147797520225524, 16.78457126858937], "6": [48.147797520225524, 18.00520466892018], "7": [57.216174817670264, 15.188644423665574], "8": [57.216174817670264, 16.09791633042883], "9": [57.216174817670264, 19.02550533914749], "10": [57.19185751001956, 16.549644492386935], "11": [57.19185751001956, 17.362935403992715], "12": [56.54637500110731, 14.664329253293369], "13": [56.54637500110731, 20.60121031678042], "14": [57.12226421822036, 22.770184319374767], "15": [57.011038583110135, 21.480312830831707], "16": [57.12226421822036, 21.42836476680665], "17": [57.12226421822036, 17.34419979724164], "18": [57.12226421822036, 26.122609199777248], "19": [57.20698639161586, 22.300293255534257], "20": [56.86877351051686, 19.582610804095836], "21": [57.24742736117437, 21.69502083078221], "22": [66.25699681219052, 27.42476185316267], "23": [75.02619038813074, 27.585060706874003], "24": [75.15067522005315, 35.0318072915075], "25": [86.26742736117438, 30.788915470106645], "26": [86.26742736117438, 38.73627058398517], "27": [86.26742736117438, 35.89309280463714], "28": [86.26742736117438, 34.0020376088213], "29": [86.26742736117438, 38.18880987946928]}