{"0": [4.545652703746493, -5.0138844113617465], "1": [4.545652703746493, -0.41658417409435944], "2": [30.950143992750462, -0.5544910878747628], "3": [39.66246192029868, 4.796499439140785], "4": [39.66246192029868, 7.427224252089263], "5": [39.66728120673463, 11.767180666969667], "6": [39.66728120673463, 12.800622994722824], "7": [39.66728120673463, 15.09110945371687], "8": [39.66728120673463, 18.878561729673095], "9": [39.66728120673463, 18.20307925932742], "10": [48.59282822853988, 13.267744480098106], "11": [57.25379680945985, 17.097101246268668], "12": [48.59282822853988, 22.050013808700214], "13": [66.22234767677735, 23.01113687489524], "14": [66.22234767677735, 25.090378616699038], "15": [57.35455310235676, 25.936506638219562], "16": [66.22234767677735, 26.55557708498039], "17": [66.22234767677735, 27.50661828175699], "18": [66.42784596782224, 35.50336608495487], "19": [66.52353644806848, 30.329717952657667], "20": [66.52353644806848, 35.66478382446819], "21": [66.52353644806848, 37.74375996662186], "22": [75.38687189361193, 37.45244781485446], "23": [75.38687189361193, 36.63657633400825], "24": [75.38687189361193, 37.524464090606614], "25": [75.38687189361193, 38.70321242651049], "26": [75.38687189361193, 37.62181596600534], "27": [75.38687189361193, 32.473428577281204], "28": [75.38687189361193, 38.47047156740019], "29": [75.38687189361193, 37.737243411193845]}