{"1": -6.805722553416985, "2": 37.60796843248541, "3": -6.805722553416985, "4": -6.805722553416985, "5": 64.41167632266477}