{"1": 21.906249799193237, "2": 75.38687189361193, "3": 66.37237888630936, "4": 75.38687189361193, "5": 21.906249799193237}