{"0": [4.545652703746493, -4.767748875919502], "1": [12.737309811095114, -0.3316226754714528], "2": [39.66728120673463, 0.6145530428534657], "3": [39.66728120673463, 2.2575890227841455], "4": [39.66728120673463, 10.008075390574364], "5": [39.66728120673463, 13.039481220613732], "6": [48.62010264645954, 16.831793403733794], "7": [48.62010264645954, 18.811168817491428], "8": [48.62010264645954, 22.408152601110228], "9": [48.62010264645954, 22.12954081956259], "10": [39.66728120673463, 20.262434449934155], "11": [48.79051384715858, 21.760935431505885], "12": [57.701682633451966, 25.36372456909241], "13": [57.701682633451966, 25.187187446118163], "14": [57.701682633451966, 24.757527616444413], "15": [57.701682633451966, 23.160093980763936], "16": [57.701682633451966, 25.12115378209814], "17": [57.701682633451966, 27.727095320971177], "18": [57.701682633451966, 36.33153402701666], "19": [57.701682633451966, 25.34965363577262], "20": [57.701682633451966, 24.727735801381208], "21": [57.701682633451966, 27.87679278285775], "22": [57.701682633451966, 26.608437130070325], "23": [57.701682633451966, 27.690243325724417], "24": [57.701682633451966, 27.226079938316808], "25": [57.701682633451966, 27.18928019481272], "26": [57.701682633451966, 27.521486908021984], "27": [57.701682633451966, 28.83143965507202], "28": [57.701682633451966, 27.17711537441959], "29": [57.701682633451966, 26.242795448052995]}