{"0": 0, "1": 0.0, "2": 3.2, "3": 0.0, "4": 0.8, "5": 1.6, "6": 0.0, "7": -0.0029250566421272274, "8": 0.8042175981383779, "9": 0.8020812155230286, "10": 6.395600144106219, "11": 4.04312129991162, "12": 0.0, "13": 0.0, "14": 2.4000000000000004, "15": 0.0, "16": -0.05752006845653937, "17": 0.0, "18": 2.4000000000000004, "19": 14.306719167477867, "20": 0.0, "21": 0.0761904761904762, "22": 0.0761904761904762, "23": 0.0, "24": 0.004387075873625825, "25": 0.08149351038741622, "26": 0.10785812199010196, "27": 0.14219202767959196, "28": 0.2976181612237152, "29": 0.07576768063063233}