{"0": 0, "1": 0.8446961977562542, "2": 2.4000000000000004, "3": 0.0, "4": 0.8, "5": 0.8, "6": 1.6, "7": 1.6002580379704747, "8": 8.473713414800152, "9": 2.4000000000000004, "10": 0.0, "11": 0.0851217927896466, "12": 0.7442224519086659, "13": 2.3710544635742488, "14": 1.6, "15": 0.0, "16": 0.028064276269920314, "17": 0.7719357237300797, "18": 0.0, "19": 2.3981367303611227, "20": 0.0, "21": 2.444767336186831, "22": 0.002077381686804171, "23": 0.0, "24": 0.0, "25": 0.8, "26": 0.0, "27": 1.6, "28": 0.17037049305054566, "29": -0.011367918919753119}