{"1": -4.770684624465665, "2": 40.212508257217955, "3": 40.212508257217955, "4": 40.212508257217955, "5": -4.770684624465665}