{"0": [12.906249799193237, -4.614117746189546], "1": [13.522663185521793, 6.332842002643368], "2": [21.409013019489144, 4.8960341923350965], "3": [21.409013019489144, 4.237982259384777], "4": [21.409013019489144, 4.863334446373236], "5": [21.409013019489144, 6.583264856992738], "6": [21.409013019489144, 7.964243399022839], "7": [21.409013019489144, 7.408546751533066], "8": [49.03715536974009, 8.057438001805732], "9": [49.03715536974009, 8.304591094895425], "10": [49.03715536974009, 9.21701737951632], "11": [49.03715536974009, 10.140943582115527], "12": [49.03715536974009, 10.254794246597566], "13": [49.03715536974009, 12.691878435902243], "14": [49.03715536974009, 8.645112567919014], "15": [49.03715536974009, 8.117003423827146], "16": [49.03715536974009, 10.606182606244465], "17": [49.03715536974009, 12.408386130586207], "18": [49.03715536974009, 10.077992053349275], "19": [49.03715536974009, 9.267217453248836], "20": [49.03715536974009, 16.474795704987475], "21": [49.03715536974009, 17.267398771262148], "22": [49.03715536974009, 14.389255876643631], "23": [49.03715536974009, 12.861201896192767], "24": [49.03715536974009, 13.152221329617959], "25": [49.03715536974009, 12.417414957332522], "26": [49.03715536974009, 15.084607085770813], "27": [49.03715536974009, 15.906193394441821], "28": [49.03715536974009, 15.791625248715775], "29": [49.03715536974009, 22.3034573658194]}