{"1": 88.76559716573517, "2": 88.76559716573517, "3": 88.9536468403983, "4": 88.76559716573517, "5": -6.270988431858299}