{"1": 48.79051384715858, "2": 21.39052820481504, "3": 21.39052820481504, "4": 39.54041448585584, "5": 57.701682633451966}