{"0": [4.545652703746493, -4.522503546816531], "1": [13.051240109621832, 0.7490151155215484], "2": [21.774253326286797, 0.6678214092004063], "3": [39.66246192029868, 4.82067315707982], "4": [48.49874178945527, 16.217006814836957], "5": [48.49874178945527, 22.566282275002763], "6": [48.49874178945527, 25.038426572115057], "7": [48.49874178945527, 23.707079897497227], "8": [48.49874178945527, 24.779637467788934], "9": [48.86420156294974, 29.5591797831425], "10": [48.86420156294974, 26.20544775387992], "11": [48.86420156294974, 26.0240194957626], "12": [65.44038476250675, 25.841663313219513], "13": [65.44180219718773, 24.239716051670467], "14": [65.44180219718773, 24.730987339672584], "15": [65.44180219718773, 27.769199628927137], "16": [65.44180219718773, 29.341356567849513], "17": [65.47204208237746, 27.299150214016652], "18": [83.21182799961198, 27.348738859443596], "19": [83.21182799961198, 29.755398042593015], "20": [86.83124045250835, 31.60546666672845], "21": [86.83124045250835, 32.55115542404412], "22": [83.2578135133971, 31.269495616352245], "23": [86.83124045250835, 30.629833132022394], "24": [84.13655177124339, 29.926342995140946], "25": [84.13655177124339, 34.632851720208336], "26": [84.13655177124339, 32.94599710617785], "27": [83.2578135133971, 29.492191554309567], "28": [83.2578135133971, 29.43277273059071], "29": [83.2578135133971, 29.998430984062708]}