{"1": 30.299556426609314, "2": 39.66246192029868, "3": 30.299556426609314, "4": 39.66246192029868, "5": 30.299556426609314}