{"0": [4.545652703746493, -4.966694028977251], "1": [21.638707834290575, -0.18680307026410098], "2": [38.90192571783376, 4.7607460834792645], "3": [38.94791083107558, 10.987732972610605], "4": [47.65611956587367, 7.4072242234340315], "5": [47.81998334634743, 8.738918314934757], "6": [47.81998334634743, 6.912530415851431], "7": [47.81998334634743, 7.147537247184144], "8": [47.81998334634743, 9.156239933143612], "9": [47.81998334634743, 10.282813198314123], "10": [74.7994908259573, 11.086356608568952], "11": [56.797464482812074, 12.009090632917392], "12": [74.7994908259573, 14.191799160673797], "13": [74.7994908259573, 17.80940478483774], "14": [74.7994908259573, 14.540590520815837], "15": [74.7994908259573, 14.435924359585218], "16": [74.7994908259573, 16.273581743634224], "17": [84.153724713052, 22.904025119352596], "18": [85.60562995920267, 16.11935921501362], "19": [84.273724713052, 19.250568922389412], "20": [84.53797486110719, 17.985721413462446], "21": [85.60562995920267, 26.42824415858141], "22": [85.60562995920267, 32.005180552445125], "23": [85.60562995920267, 40.68608881116753], "24": [85.60562995920267, 21.845038561049233], "25": [85.90737060368045, 31.297623967322778], "26": [87.20763751052516, 29.622437877798323], "27": [88.18556065373065, 36.157243668098], "28": [88.18556065373065, 35.75820786685684], "29": [88.76559716573517, 40.12743481152436]}