{"0": 0, "1": 1.6, "2": 4.800000000000001, "3": 0.8, "4": 0.8, "5": 9.833347294480554, "6": 0.0, "7": 0.0, "8": 6.147213333580343, "9": 0.0, "10": 0.8, "11": 0.8, "12": 0.0, "13": 2.3999052239556655, "14": 0.0, "15": 0.0, "16": -0.004489428372358188, "17": 0.8, "18": 1.7321625280599204, "19": 14.821647101519774, "20": 0.8002283998800207, "21": 0.7997716001199794, "22": 0.0, "23": 14.338219721429539, "24": 0.8, "25": 1.6, "26": 0.7053928890490326, "27": 0.0, "28": 0.0, "29": 0.0}