{"1": 39.216174817670264, "2": 39.22855887686998, "3": 39.22855887686998, "4": 39.22855887686998, "5": 57.19486503108351}