{"0": [57.19486503108351, -0.8848062364986832], "1": [57.19486503108351, 41.27419939140726], "2": [57.19486503108351, 40.9172547215865], "3": [57.19486503108351, 41.00960228988711], "4": [57.19486503108351, 40.91419869305204], "5": [57.19486503108351, 41.00684931484761], "6": [57.19486503108351, 38.937288606549416], "7": [57.19486503108351, 38.2170638094239], "8": [57.19486503108351, 39.5686232644108], "9": [57.19486503108351, 39.654052666756776], "10": [57.19486503108351, 40.19814379143375], "11": [57.19486503108351, 40.82600792428857], "12": [57.19486503108351, 42.53461458623454], "13": [57.19486503108351, 38.84239346805238], "14": [57.19486503108351, 42.359445262687416], "15": [57.19486503108351, 40.55819846538949], "16": [57.19486503108351, 40.82614225132418], "17": [57.19486503108351, 39.2070638094239], "18": [57.19486503108351, 41.54635674590047], "19": [57.19486503108351, 41.726445304819116]}