{"1": 57.19486503108351, "2": 30.185869468174936, "3": 57.19486503108351, "4": 39.216174817670264, "5": 39.22855887686998}