{"1": 30.185869468174936, "2": 57.19486503108351, "3": 57.19486503108351, "4": 30.185869468174936, "5": 57.19486503108351}