{"0": [57.19486503108351, -2.189231276016823], "1": [57.19486503108351, 37.059928236683135], "2": [57.19486503108351, 42.17672687096602], "3": [57.19486503108351, 42.535536144334245], "4": [57.19486503108351, 41.54761314739242], "5": [57.19486503108351, 40.28828562759772], "6": [57.19486503108351, 41.00743393448945], "7": [57.19486503108351, 40.01370263232885], "8": [57.19486503108351, 40.01692878403308], "9": [57.19486503108351, 41.09605020062944], "10": [57.19486503108351, 40.64666870523423], "11": [57.19486503108351, 41.99359398277254], "12": [57.19486503108351, 41.27739935117134], "13": [57.19486503108351, 40.558375583226805], "14": [57.19486503108351, 42.17760074977755], "15": [57.19486503108351, 42.44585229379929], "16": [57.19486503108351, 40.108794085935784], "17": [57.19486503108351, 40.198230255286774], "18": [57.19486503108351, 42.17821995273754], "19": [57.19486503108351, 40.55296499172416]}