{"0": [57.19486503108351, -2.500614408766179], "1": [57.19486503108351, 39.210076259993905], "2": [57.19486503108351, 41.45636774680491], "3": [57.19486503108351, 41.36355870109921], "4": [57.19486503108351, 41.81487396667818], "5": [57.19486503108351, 40.37770240466629], "6": [57.19486503108351, 41.46120611628054], "7": [57.19486503108351, 42.35587308279212], "8": [57.19486503108351, 42.35833069735944], "9": [57.19486503108351, 41.99962447559039], "10": [57.19486503108351, 41.0971647659574], "11": [57.19486503108351, 40.82707481032835], "12": [57.19486503108351, 42.268770687416485], "13": [57.19486503108351, 42.176533863737774], "14": [57.19486503108351, 41.27494173660401], "15": [57.19486503108351, 41.63734467721558], "16": [57.19486503108351, 41.458996182897216], "17": [57.19486503108351, 40.83052314963164], "18": [57.19486503108351, 41.547860828576404], "19": [57.19486503108351, 40.73394262049006]}