{"1": 39.22855887686998, "2": 57.19486503108351, "3": 39.216174817670264, "4": 39.22855887686998, "5": 30.185869468174936}