{"0": [57.19486503108351, 2.6200195808799718], "1": [57.19486503108351, 41.63628757926423], "2": [57.19486503108351, 41.27600862264378], "3": [57.19486503108351, 40.017287908194206], "4": [57.19486503108351, 40.73716476595742], "5": [57.19486503108351, 41.90606469330996], "6": [57.19486503108351, 40.376771756833385], "7": [57.19486503108351, 40.28664721788618], "8": [57.19486503108351, 42.17501929461823], "9": [57.19486503108351, 40.28380498557277], "10": [57.19486503108351, 41.45329023092236], "11": [57.19486503108351, 40.913681843336], "12": [57.19486503108351, 40.55648949233126], "13": [57.19486503108351, 41.188287024308146], "14": [57.19486503108351, 41.82040839877281], "15": [57.19486503108351, 41.18521020678082], "16": [57.19486503108351, 42.35480619675234], "17": [57.19486503108351, 40.827846335895885], "18": [57.19486503108351, 41.277523191763336], "19": [57.19486503108351, 40.104726543672506]}