{"0": [57.19486503108351, -0.24593673609657551], "1": [57.19486503108351, 40.20222408480718], "2": [57.19486503108351, 42.44279696362003], "3": [57.19486503108351, 41.18249251341465], "4": [57.19486503108351, 41.81519780916599], "5": [57.19486503108351, 41.81482628738997], "6": [57.19486503108351, 42.17420008976242], "7": [57.19486503108351, 40.82538872132857], "8": [57.19486503108351, 41.1867724551886], "9": [57.19486503108351, 41.00780475791024], "10": [57.19486503108351, 41.54285024086535], "11": [57.19486503108351, 42.44800755322686], "12": [57.19486503108351, 41.72620932289478], "13": [57.19486503108351, 41.36782624525829], "14": [57.19486503108351, 41.185142436855024], "15": [57.19486503108351, 41.634391700280254], "16": [57.19486503108351, 40.64860247541797], "17": [57.19486503108351, 43.16532374482359], "18": [57.19486503108351, 41.81450244490219], "19": [57.19486503108351, 40.82908474181588]}