{"1": 39.216174817670264, "2": 30.185869468174936, "3": 39.22855887686998, "4": 57.19486503108351, "5": 57.19486503108351}