{"1": 57.19486503108351, "2": 57.19486503108351, "3": 39.22855887686998, "4": 39.22855887686998, "5": 39.216174817670264}