{"0": [57.22855887686998, -0.2445653020605429], "1": [57.22855887686998, 42.987546774177005], "2": [57.22855887686998, 41.00980159342773], "3": [57.22855887686998, 43.70658853769353], "4": [57.22855887686998, 40.82779305865058], "5": [57.22855887686998, 39.921941080380485], "6": [57.22855887686998, 46.67706520613431], "7": [57.22855887686998, 41.637063111068684], "8": [57.22855887686998, 45.145760941459784], "9": [57.22855887686998, 44.06644600317434], "10": [57.22855887686998, 44.877310792252686], "11": [57.22855887686998, 45.50798397081319], "12": [57.22855887686998, 43.166153252228604], "13": [57.22855887686998, 46.04734537557082], "14": [57.22855887686998, 47.48824353515121], "15": [57.22855887686998, 44.968409468189726], "16": [57.22855887686998, 43.79415432164551], "17": [57.22855887686998, 46.13331311498084], "18": [57.22855887686998, 45.77624320785769], "19": [57.22855887686998, 45.95756947434113]}