{"0": [57.19486503108351, -0.804039786101596], "1": [57.19486503108351, 40.74111406888538], "2": [57.19486503108351, 38.486241112792065], "3": [57.19486503108351, 39.835601819194444], "4": [57.19486503108351, 41.096614729633686], "5": [57.19486503108351, 39.8348171976568], "6": [57.19486503108351, 41.9065677487007], "7": [57.19486503108351, 42.71839986399569], "8": [57.19486503108351, 41.63754467911138], "9": [57.19486503108351, 41.815817012125954], "10": [57.19486503108351, 41.99535623307607], "11": [57.19486503108351, 41.4561193672657], "12": [57.19486503108351, 40.55460340143573], "13": [57.19486503108351, 41.54346944382533], "14": [57.19486503108351, 41.3673785621785], "15": [57.19486503108351, 39.027367377379676], "16": [57.19486503108351, 42.26581771048117], "17": [57.19486503108351, 39.20665891714583], "18": [57.19486503108351, 42.71983827181146], "19": [57.19486503108351, 40.015366535625326]}