{"0": [57.19486503108351, -0.058166808138557256], "1": [57.19486503108351, 40.56202061873322], "2": [57.19486503108351, 39.205422606291485], "3": [57.19486503108351, 41.63853540384736], "4": [57.19486503108351, 41.636795339247065], "5": [57.19486503108351, 41.36819846538949], "6": [57.19486503108351, 41.63528776479506], "7": [57.19486503108351, 40.91680634015151], "8": [57.19486503108351, 41.45492864063392], "9": [57.19486503108351, 40.64790711115419], "10": [57.19486503108351, 42.622067016038116], "11": [57.19486503108351, 40.91499641055975], "12": [57.19486503108351, 39.65497352650129], "13": [57.19486503108351, 40.553212672908174], "14": [57.19486503108351, 40.91675866086331], "15": [57.19486503108351, 41.90649158739689], "16": [57.19486503108351, 41.9954800736681], "17": [57.19486503108351, 42.26475082444141], "18": [57.19486503108351, 42.44309931875977], "19": [57.19486503108351, 41.18602941163661]}