{"0": [57.19486503108351, -0.6005469449015562], "1": [57.19486503108351, 39.924624888783775], "2": [57.19486503108351, 41.18512164786218], "3": [57.19486503108351, 40.19527727835146], "4": [57.19486503108351, 40.91425336700776], "5": [57.19486503108351, 42.086850711558036], "6": [57.19486503108351, 41.54489545402622], "7": [57.19486503108351, 41.36590696775502], "8": [57.19486503108351, 40.1081748829758], "9": [57.19486503108351, 40.91680634015151], "10": [57.19486503108351, 41.6334009755443], "11": [57.19486503108351, 40.19560112083923], "12": [57.19486503108351, 43.073953805288895], "13": [57.19486503108351, 41.09724092726121], "14": [57.19486503108351, 39.92625420876214], "15": [57.19486503108351, 41.905996225028915], "16": [57.19486503108351, 41.27588478205178], "17": [57.19486503108351, 41.72325634595946], "18": [57.19486503108351, 42.536850711558024], "19": [57.19486503108351, 42.89310001711498]}