{"1": 39.22855887686998, "2": 39.22855887686998, "3": 39.22855887686998, "4": 30.185869468174936, "5": 39.216174817670264}