{"0": [57.19486503108351, 1.367044888313267], "1": [57.19486503108351, 40.10296429336895], "2": [57.19486503108351, 42.08660303037404], "3": [57.19486503108351, 41.905625401608134], "4": [57.19486503108351, 41.09798397081318], "5": [57.19486503108351, 42.805749940555344], "6": [57.19486503108351, 41.99597543603607], "7": [57.19486503108351, 41.18454942583517], "8": [57.19486503108351, 42.26462698384938], "9": [57.19486503108351, 43.07608757736842], "10": [57.19486503108351, 40.018195671968634], "11": [57.19486503108351, 40.828589379447884], "12": [57.19486503108351, 39.11598434187489], "13": [57.19486503108351, 41.457186253305466], "14": [57.19486503108351, 41.18521020678084], "15": [57.19486503108351, 39.657107298580826], "16": [57.19486503108351, 41.81110178488711], "17": [57.19486503108351, 41.458129298753235], "18": [57.19486503108351, 39.74433353454847], "19": [57.19486503108351, 41.54547937531287]}