{"1": 39.216174817670264, "2": 30.185869468174936, "3": 39.216174817670264, "4": 39.216174817670264, "5": 39.216174817670264}