{"0": [90.96965087177827, 11.525861321373343], "1": [90.96965087177827, 89.05604374092206], "2": [90.96965087177827, 89.04495290503672], "3": [90.96965087177827, 90.96965087177821], "4": [90.96965087177827, 90.96965087177821], "5": [90.96965087177827, 90.96965087177821], "6": [90.96965087177827, 90.96965087177821], "7": [90.96965087177827, 90.96965087177821], "8": [90.96965087177827, 90.96965087177821], "9": [90.96965087177827, 90.96965087177821], "10": [90.96965087177827, 90.96965087177821], "11": [90.96965087177827, 90.96965087177821], "12": [90.96965087177827, 90.96965087177821], "13": [90.96965087177827, 90.96965087177821], "14": [90.96965087177827, 90.96965087177821], "15": [90.96965087177827, 90.96965087177823], "16": [90.96965087177827, 90.96965087177821], "17": [90.96965087177827, 90.96965087177821], "18": [90.96965087177827, 90.96965087177821], "19": [90.96965087177827, 90.96965087177821]}