{"0": [90.96965087177827, 4.802129049924977], "1": [90.96965087177827, 87.4730564988392], "2": [90.96965087177827, 89.05114825866889], "3": [90.96965087177827, 89.05596883420478], "4": [90.96965087177827, 90.01127901855587], "5": [90.96965087177827, 90.96965087177821], "6": [90.96965087177827, 90.96965087177821], "7": [90.96965087177827, 90.01441559414441], "8": [90.96965087177827, 90.01127901855587], "9": [90.96965087177827, 90.96965087177821], "10": [90.96965087177827, 90.96965087177821], "11": [90.96965087177827, 90.96965087177821], "12": [90.96965087177827, 90.96965087177821], "13": [90.96965087177827, 90.96965087177821], "14": [90.96965087177827, 90.96965087177821], "15": [90.96965087177827, 90.96965087177821], "16": [90.96965087177827, 90.96965087177821], "17": [90.96965087177827, 90.96965087177821], "18": [90.96965087177827, 90.96965087177821], "19": [90.96965087177827, 90.96965087177821]}