{"0": [90.96965087177827, 4.384302988983926], "1": [90.96965087177827, 89.04938935200425], "2": [90.96965087177827, 90.5503960924844], "3": [90.96965087177827, 90.96965087177821], "4": [90.96965087177827, 89.59467962236718], "5": [90.96965087177827, 90.45883448517687], "6": [90.96965087177827, 90.96965087177821], "7": [90.96965087177827, 90.00332475825905], "8": [90.96965087177827, 90.96965087177821], "9": [90.96965087177827, 90.96965087177821], "10": [90.96965087177827, 90.96965087177821], "11": [90.96965087177827, 90.96965087177821], "12": [90.96965087177827, 90.96965087177821], "13": [90.96965087177827, 90.96965087177821], "14": [90.96965087177827, 90.96965087177821], "15": [90.96965087177827, 90.96965087177821], "16": [90.96965087177827, 90.96965087177821], "17": [90.96965087177827, 90.96965087177821], "18": [90.96965087177827, 90.96965087177821], "19": [90.96965087177827, 90.96965087177821]}