{"0": [90.96965087177827, 8.969025968757126], "1": [90.96965087177827, 89.58523461380639], "2": [90.96965087177827, 90.96965087177821], "3": [90.96965087177827, 90.96965087177821], "4": [90.96965087177827, 90.96965087177821], "5": [90.96965087177827, 90.96965087177821], "6": [90.96965087177827, 90.96965087177821], "7": [90.96965087177827, 90.96965087177821], "8": [90.96965087177827, 90.96965087177821], "9": [90.96965087177827, 90.96965087177821], "10": [90.96965087177827, 90.96965087177821], "11": [90.96965087177827, 90.96965087177821], "12": [90.96965087177827, 90.96965087177821], "13": [90.96965087177827, 90.5503960924844], "14": [90.96965087177827, 90.96965087177821], "15": [90.96965087177827, 90.96965087177821], "16": [90.96965087177827, 90.96965087177821], "17": [90.96965087177827, 90.96965087177821], "18": [90.96965087177827, 90.96965087177821], "19": [90.96965087177827, 90.96965087177821]}