{"0": [90.96965087177827, 6.310255631155908], "1": [90.96965087177827, 89.99105844997688], "2": [90.96965087177827, 90.01441559414441], "3": [90.96965087177827, 90.01127901855587], "4": [90.96965087177827, 90.96965087177821], "5": [90.96965087177827, 90.96965087177821], "6": [90.96965087177827, 90.96965087177821], "7": [90.96965087177827, 90.96965087177821], "8": [90.96965087177827, 90.96965087177821], "9": [90.96965087177827, 90.96965087177821], "10": [90.96965087177827, 90.96965087177821], "11": [90.96965087177827, 90.96965087177821], "12": [90.96965087177827, 90.96965087177821], "13": [90.96965087177827, 90.96965087177821], "14": [90.96965087177827, 89.04495290503672], "15": [90.96965087177827, 90.96965087177821], "16": [90.96965087177827, 89.05918031651063], "17": [90.96965087177827, 90.00332475825905], "18": [90.96965087177827, 90.96965087177821], "19": [90.96965087177827, 90.96965087177821]}