{"0": [90.96965087177827, 8.24020246934259], "1": [90.96965087177827, 90.01127901855587], "2": [90.96965087177827, 90.01127901855587], "3": [90.96965087177827, 90.81791429618967], "4": [90.96965087177827, 90.01441559414441], "5": [90.96965087177827, 90.01441559414441], "6": [90.96965087177827, 90.96965087177821], "7": [90.96965087177827, 90.96965087177821], "8": [90.96965087177827, 90.96965087177821], "9": [90.96965087177827, 90.96965087177821], "10": [90.96965087177827, 90.96965087177821], "11": [90.96965087177827, 90.01127901855587], "12": [90.96965087177827, 90.96965087177821], "13": [90.96965087177827, 90.96965087177821], "14": [90.96965087177827, 90.96965087177821], "15": [90.96965087177827, 90.96965087177821], "16": [90.96965087177827, 90.96965087177821], "17": [90.96965087177827, 90.96965087177821], "18": [90.96965087177827, 90.96965087177821], "19": [90.96965087177827, 90.96965087177821]}