{"1": 90.96965087177827, "2": 90.96965087177827, "3": 90.96965087177827, "4": 90.96965087177827, "5": 90.96965087177827}